213;gerente1@prueba.com;Gerente Prueba 1
214;gerente2@prueba.com;Gerente Prueba 2
215;gerente3@prueba.com;Gerente Prueba 3
216;gerente4@prueba.com;Gerente Prueba 4
217;gerente5@prueba.com;Gerente Prueba 5
218;gerente6@prueba.com;Gerente Prueba 6
219;gerente7@prueba.com;Gerente Prueba 7
220;gerente8@prueba.com;Gerente Prueba 8
221;gerente9@prueba.com;Gerente Prueba 9
222;gerente10@prueba.com;Gerente Prueba 10
223;gerente11@prueba.com;Gerente Prueba 11
224;gerente12@prueba.com;Gerente Prueba 12
225;gerente13@prueba.com;Gerente Prueba 13
226;gerente14@prueba.com;Gerente Prueba 14
227;gerente15@prueba.com;Gerente Prueba 15
228;gerente16@prueba.com;Gerente Prueba 16
229;gerente17@prueba.com;Gerente Prueba 17
230;gerente18@prueba.com;Gerente Prueba 18
231;gerente19@prueba.com;Gerente Prueba 19
232;gerente20@prueba.com;Gerente Prueba 20
233;gerente21@prueba.com;Gerente Prueba 21
234;gerente22@prueba.com;Gerente Prueba 22
235;gerente23@prueba.com;Gerente Prueba 23
236;gerente24@prueba.com;Gerente Prueba 24
237;gerente25@prueba.com;Gerente Prueba 25
238;gerente26@prueba.com;Gerente Prueba 26
239;gerente27@prueba.com;Gerente Prueba 27
240;gerente28@prueba.com;Gerente Prueba 28
241;gerente29@prueba.com;Gerente Prueba 29
242;gerente30@prueba.com;Gerente Prueba 30
243;gerente31@prueba.com;Gerente Prueba 31
244;gerente32@prueba.com;Gerente Prueba 32
245;gerente33@prueba.com;Gerente Prueba 33
246;gerente34@prueba.com;Gerente Prueba 34
247;gerente35@prueba.com;Gerente Prueba 35
248;gerente36@prueba.com;Gerente Prueba 36
249;gerente37@prueba.com;Gerente Prueba 37
250;gerente38@prueba.com;Gerente Prueba 38
251;gerente39@prueba.com;Gerente Prueba 39
252;gerente40@prueba.com;Gerente Prueba 40
253;gerente41@prueba.com;Gerente Prueba 41
254;gerente42@prueba.com;Gerente Prueba 42
255;gerente43@prueba.com;Gerente Prueba 43
256;gerente44@prueba.com;Gerente Prueba 44
257;gerente45@prueba.com;Gerente Prueba 45
258;gerente46@prueba.com;Gerente Prueba 46
259;gerente47@prueba.com;Gerente Prueba 47
260;gerente48@prueba.com;Gerente Prueba 48
261;gerente49@prueba.com;Gerente Prueba 49
262;gerente50@prueba.com;Gerente Prueba 50
263;gerente51@prueba.com;Gerente Prueba 51
264;gerente52@prueba.com;Gerente Prueba 52
265;gerente53@prueba.com;Gerente Prueba 53
266;gerente54@prueba.com;Gerente Prueba 54
267;gerente55@prueba.com;Gerente Prueba 55
268;gerente56@prueba.com;Gerente Prueba 56
269;gerente57@prueba.com;Gerente Prueba 57
270;gerente58@prueba.com;Gerente Prueba 58
271;gerente59@prueba.com;Gerente Prueba 59
272;gerente60@prueba.com;Gerente Prueba 60
273;gerente61@prueba.com;Gerente Prueba 61
274;gerente62@prueba.com;Gerente Prueba 62
275;gerente63@prueba.com;Gerente Prueba 63
276;gerente64@prueba.com;Gerente Prueba 64
277;gerente65@prueba.com;Gerente Prueba 65
278;gerente66@prueba.com;Gerente Prueba 66
279;gerente67@prueba.com;Gerente Prueba 67
280;gerente68@prueba.com;Gerente Prueba 68
281;gerente69@prueba.com;Gerente Prueba 69
282;gerente70@prueba.com;Gerente Prueba 70
283;gerente71@prueba.com;Gerente Prueba 71
284;gerente72@prueba.com;Gerente Prueba 72
285;gerente73@prueba.com;Gerente Prueba 73
286;gerente74@prueba.com;Gerente Prueba 74
287;gerente75@prueba.com;Gerente Prueba 75
288;gerente76@prueba.com;Gerente Prueba 76
289;gerente77@prueba.com;Gerente Prueba 77
290;gerente78@prueba.com;Gerente Prueba 78
291;gerente79@prueba.com;Gerente Prueba 79
292;gerente80@prueba.com;Gerente Prueba 80
293;gerente81@prueba.com;Gerente Prueba 81
294;gerente82@prueba.com;Gerente Prueba 82
295;gerente83@prueba.com;Gerente Prueba 83
296;gerente84@prueba.com;Gerente Prueba 84
297;gerente85@prueba.com;Gerente Prueba 85
298;gerente86@prueba.com;Gerente Prueba 86
299;gerente87@prueba.com;Gerente Prueba 87
300;gerente88@prueba.com;Gerente Prueba 88
301;gerente89@prueba.com;Gerente Prueba 89
302;gerente90@prueba.com;Gerente Prueba 90
303;gerente91@prueba.com;Gerente Prueba 91
304;gerente92@prueba.com;Gerente Prueba 92
305;gerente93@prueba.com;Gerente Prueba 93
306;gerente94@prueba.com;Gerente Prueba 94
307;gerente95@prueba.com;Gerente Prueba 95
308;gerente96@prueba.com;Gerente Prueba 96
309;gerente97@prueba.com;Gerente Prueba 97
310;gerente98@prueba.com;Gerente Prueba 98
311;gerente99@prueba.com;Gerente Prueba 99
312;gerente100@prueba.com;Gerente Prueba 100
313;gerente101@prueba.com;Gerente Prueba 101
314;gerente102@prueba.com;Gerente Prueba 102
315;gerente103@prueba.com;Gerente Prueba 103
316;gerente104@prueba.com;Gerente Prueba 104
317;gerente105@prueba.com;Gerente Prueba 105
318;gerente106@prueba.com;Gerente Prueba 106
319;gerente107@prueba.com;Gerente Prueba 107
320;gerente108@prueba.com;Gerente Prueba 108
321;gerente109@prueba.com;Gerente Prueba 109
322;gerente110@prueba.com;Gerente Prueba 110
323;gerente111@prueba.com;Gerente Prueba 111
324;gerente112@prueba.com;Gerente Prueba 112
325;gerente113@prueba.com;Gerente Prueba 113
326;gerente114@prueba.com;Gerente Prueba 114
327;gerente115@prueba.com;Gerente Prueba 115
328;gerente116@prueba.com;Gerente Prueba 116
329;gerente117@prueba.com;Gerente Prueba 117
330;gerente118@prueba.com;Gerente Prueba 118
331;gerente119@prueba.com;Gerente Prueba 119
332;gerente120@prueba.com;Gerente Prueba 120
333;gerente121@prueba.com;Gerente Prueba 121
334;gerente122@prueba.com;Gerente Prueba 122
335;gerente123@prueba.com;Gerente Prueba 123
336;gerente124@prueba.com;Gerente Prueba 124
337;gerente125@prueba.com;Gerente Prueba 125
338;gerente126@prueba.com;Gerente Prueba 126
339;gerente127@prueba.com;Gerente Prueba 127
340;gerente128@prueba.com;Gerente Prueba 128
341;gerente129@prueba.com;Gerente Prueba 129
342;gerente130@prueba.com;Gerente Prueba 130
343;gerente131@prueba.com;Gerente Prueba 131
344;gerente132@prueba.com;Gerente Prueba 132
345;gerente133@prueba.com;Gerente Prueba 133
346;gerente134@prueba.com;Gerente Prueba 134
347;gerente135@prueba.com;Gerente Prueba 135
348;gerente136@prueba.com;Gerente Prueba 136
349;gerente137@prueba.com;Gerente Prueba 137
350;gerente138@prueba.com;Gerente Prueba 138
351;gerente139@prueba.com;Gerente Prueba 139
352;gerente140@prueba.com;Gerente Prueba 140
353;gerente141@prueba.com;Gerente Prueba 141
354;gerente142@prueba.com;Gerente Prueba 142
355;gerente143@prueba.com;Gerente Prueba 143
356;gerente144@prueba.com;Gerente Prueba 144
357;gerente145@prueba.com;Gerente Prueba 145
358;gerente146@prueba.com;Gerente Prueba 146
359;gerente147@prueba.com;Gerente Prueba 147
360;gerente148@prueba.com;Gerente Prueba 148
361;gerente149@prueba.com;Gerente Prueba 149
362;gerente150@prueba.com;Gerente Prueba 150
